Metric,Sample best,Full val best
Recall@1,0.041015625,0.03360927152317881
Recall@5,0.10546875,0.10745033112582782
Recall@10,0.1640625,0.14619205298013246
NDCG@10,0.09241910088294841,0.08360090472477359
MRR@10,0.07069537450396826,0.0642533900977608
Invalid SID rate,0.0,0.0
Coverage@10,719.0,1185.0
